formula,pred,act
BiSbO3,13.475305586041479,12.807194709777832
B4C,1.3747688655157546,25.767539978027344
Na2O,15.986694626842075,27.41600799560547
CoH4(BrO)2,13.901268903021096,19.282344818115234
KCoO2,25.172999111293116,29.25478744506836
Y4S3N2,25.79910386043371,18.109914779663086
SnBrCl,9.264645437496773,30.010055541992188
Mn3SnO8,25.50115353789659,28.412391662597656
Na3Mn2BO6,11.23016285478774,19.265703201293945
Li4MnCo3O8,28.551093421211398,28.83258819580078
Li3AlCoO4,10.071565486553428,11.048330307006836
H2C3N2O3,1.3233746394189083,4.66719388961792
CoRe2(MoS4)2,12.612135004378395,10.7899169921875
Y2W2O9,9.911991790064913,9.046878814697266
Ni(PS3)2,23.650239395504215,10.778928756713867
AsH10C3I,7.748491132370031,1.3791786432266235
AgSb(PbS2)2,18.15580738848914,6.077046871185303
CoSeO4,7.040052785015092,12.348944664001465
InCoO3,25.62954245708044,22.896711349487305
Tl2S2O3,5.100544527522775,6.790666580200195
Li2TiMnO4,21.767593130647107,4.342714309692383
AgBrO4,19.59162797396675,18.66691780090332
PbBrCl,5.985261495117417,2.1888229846954346
Rb3B12H12I,30.14496379065745,0.0
Al2V3(SiO4)3,16.090921083948498,8.54060173034668
GeWO4,10.50284694239133,20.754539489746094
CaCdS2,12.660071923034613,14.576887130737305
Li4Sn(BO3)2,1.1959660776365766,6.669198036193848
WSNCl5,4.322688411714346,26.348928451538086
LiV(CO3)2,4.112452914648996,21.780290603637695
Mn2CrO6,11.803511015830379,27.249990463256836
Al2Co3GeO8,11.600054165907451,2.915512800216675
Sb8O11F2,10.721616349569118,14.6077241897583
CaSnS3,20.700894793701355,11.308013916015625
Li2Zr2O5,5.885420431864111,0.5666505098342896
Li3Ni2SbO6,4.257807322937207,21.173513412475586
NaFe5O8,15.077477251802861,12.73996639251709
LiSbWO6,5.594723617085773,3.7993955612182617
CaSn2S5,28.230243667926963,24.188037872314453
Li5(FeO2)4,19.996194690613287,27.123638153076172
LiVSiO4,1.4977784524629243,24.697296142578125
Li2CuAsO4,20.79466294712335,6.277170658111572
Ag2S,12.815058090123305,21.02131462097168
Li3CuPO5,6.182907105990978,5.180650234222412
V3CuO8,5.592791327593993,25.377031326293945
AlCuO3,7.950935567457079,21.841407775878906
LiTiVO5,7.341939065650704,14.965619087219238
CuH,7.256453416254936,28.294015884399414
Mn3SbO8,25.24247562538987,29.918033599853516
LiCr(PO4)2,16.19758043186159,28.183012008666992
Cs2SbAuCl6,23.82269512721686,32.35856246948242
LiTaWO6,2.576656719444804,1.47700035572052
V(CO3)2,22.57496166794801,12.196333885192871
Li2FeOF3,9.083081604384326,3.8025460243225098
TiMn2O6,20.386208279570663,28.604921340942383
LiAlNiO3,2.3755899644432645,1.4466042518615723
LiSnP2O7,3.6151691494233305,5.032241344451904
Li5NiO3F,19.93757159202741,9.696967124938965
Li2Co2P2O9,3.2164226731747245,32.192840576171875
Li4MnO2F3,4.373569087187846,30.240413665771484
Fe(SbO2)2,21.914438288592265,20.813268661499023
Na4Ti3O8,4.786856689327523,17.452943801879883
LiMn(PO3)4,1.933688812320364,29.109548568725586
GeO2,4.109969174118861,2.8756725788116455
Mn3(OF)2,21.552552492632437,16.053794860839844
LiMnSiO4,4.382262179043316,32.514522552490234
VGaO3,26.58360707736081,25.133056640625
MoHO3,13.184314806169242,32.30918884277344
H4W,5.32918257109484,16.52569007873535
NaTiO2,11.253891988786917,5.572540760040283
Cl2O,8.046903839970238,26.688085556030273
NaO3,5.179108297791073,27.607757568359375
WN2,17.608773643504353,30.8978214263916
SrReN2,9.695672013043751,21.839021682739258
PbCl4,4.486882484629023,21.106399536132812
MgH2,1.8904772858235575,2.1338863372802734
TlBrO3,6.651231164109689,0.986236035823822
LiCu3(SiO3)2,29.550711813636013,24.03671646118164
Na3TlF6,1.0942678940479205,0.8323093056678772
LiFeF3,1.6409093697373844,0.21215461194515228
K2ScInF6,1.6280472322311272,1.0272825956344604
Li3V3O8,7.1227350670475,16.984619140625
MoH4O5,2.094260237233941,7.551286697387695
V3FeO8,10.482157421675723,20.808547973632812
TiV2CrO10,15.081116954990712,21.176971435546875
Li2TiV2O6,13.372065250358022,29.178560256958008
Ba4GeN4,23.863251097968835,24.80068016052246
Sr4CrN4,25.671419888968998,23.760723114013672
Li3V(PO4)2,2.511566546711544,11.161138534545898
Na2CoO3,28.22101618021989,0.0
Li2Sn(BO3)2,1.7015336102356358,9.831635475158691
Li3Ti2CoO6,25.824585572790177,10.792656898498535
Li4V2(SiO4)3,1.6322301747007497,21.534921646118164
In2Te9RuCl8,13.937815957375689,31.708650588989258
LiV2O3F,14.737798256506089,27.66261100769043
Te2MoWSe2,0.034384051720453,0.0
NaPH6,12.557924777446518,19.14535140991211
MgCdS2,15.081322880578918,26.63845443725586
LiTiSiO4,1.2399065554486857,0.0
Li2MnF4,6.439462595257301,0.144232839345932
Li3V5O12,10.310465383325468,28.286231994628906
Mg2CrGa3S8,18.872672893120914,24.34882926940918
AgClO3,5.021294128069265,3.733973741531372
VCrO5,19.408311246660222,27.469472885131836
Sr6Bi2O11,11.949513837052004,30.69410514831543
LiMn3(O2F)2,24.486357292608783,11.080146789550781
Li2CuPO4,27.693558631259876,10.70075798034668
Li2VCoO5,20.808035476885035,0.2654407322406769
Li5SbS,11.034112219712394,23.172204971313477
MgMnO3,16.57110512943332,20.687362670898438
AlTlO3,3.69038694472008,9.623034477233887
MgO2,0.9656288321250237,0.05887220427393913
Mg2AlV3S8,14.624398714579968,5.354876518249512
LiV3(O2F)2,17.628277828740607,32.1401481628418
Zn2In2S5,19.727995562183185,0.3187900483608246
Tl2CdTe4,2.703851775555929,5.610772132873535
K2Se4O,25.787838593746425,28.85723304748535
Li4Fe5SbO12,14.544741201501923,11.16001033782959
V2Co(HO2)4,8.765295152142844,18.415935516357422
K2AlCuF6,2.8291486525487795,1.0294651985168457
Li3Co(NO2)6,8.415835007243103,13.6503267288208
TiOF2,12.84579323427535,26.164445877075195
Al6B5O18,2.3147446381908043,0.0
MoW3(SeS)4,1.712273324501492,0.0
Mg2Sc3MoS8,11.8568301092544,29.94279670715332
Li2V3O8,10.156251121355753,20.481847763061523
RbNbO3,6.082900544258807,26.300121307373047
Ba2Na2O3,13.6946082046829,13.045501708984375
Li4Ti3O8,5.623322006902994,22.30755043029785
Rb2Ti(GeO3)3,1.4747905874139278,5.088504314422607
CaBO3,0.6201021186294433,10.584439277648926
TiTeRu,4.0385079416229015,32.10728454589844
Li3MnFe3O8,17.18880325068854,0.0470941886305809
RbSi2N3,1.4655795232200255,0.5196395516395569
VCl2O,24.479598385265845,25.08563232421875
LiMn2NiO6,15.04384347601515,29.374202728271484
Ni3OF5,25.58258636958093,30.00773811340332
BaLi4O3,19.5051720739468,0.8310792446136475
Li3Sb(PO4)2,6.914577144398125,5.30983304977417
Zn(InS2)2,19.49751240007386,0.0
Nb3O2F5,15.229102599590796,16.407041549682617
CsHgCl3,12.672955300565112,9.804691314697266
Li2FeF5,4.198759739703252,0.2244388908147812
Li3MnSiO5,4.840686648762162,9.248644828796387
Li3CuSiO4,3.5846751071821696,10.749789237976074
Ba4Ta2O9,2.46890078619084,0.49740222096443176
Li2MnP2O7,23.230695698194022,0.27860018610954285
SiS,8.255283164210613,9.291890144348145
Li4Mn3WO8,18.245599788376886,29.99761962890625
CuTeSeCl,27.014549956157982,29.022199630737305
RbB3Te2O9,2.805017458313733,1.5363949537277222
Mo2W(Se2S)2,-0.45618628666028194,0.0
Mn3ZnO7,29.48063268294065,26.53299903869629
LiFeO2,15.017607861236833,3.834506034851074
Fe(SiO3)2,9.655617275280248,25.04191017150879
Fe5CuO8,11.72027112394218,0.0747954249382019
RbCd(NO2)3,7.349908891253122,15.216200828552246
Mg(ScSe2)2,10.898055730735809,20.231834411621094
Mg7SiN6,14.565779406035594,25.158199310302734
Zn(HO)2,7.99608759520225,5.691699981689453
Te4Mo(WS)2,0.11537092185487374,0.0
LiFeOF,8.119604731873723,1.717332124710083
K2RbInBr6,2.3891987401251615,6.320701599121094
K2TlAsI6,23.43218693784364,24.24036407470703
K2NaAuF6,5.654725659104325,13.362305641174316
CrO3,11.02720960662922,29.784320831298828
Li2Sn3(P2O7)2,5.211045082496838,11.211454391479492
Sr3BN3,3.10762195181373,7.736015319824219
K2ScAuBr6,5.24069584050409,18.670873641967773
VP2O7,14.058523094111175,26.22304344177246
MgZn2O3,29.555597177130437,12.394060134887695
Li2Ni3TeO8,2.8831744307942877,19.547147750854492
ZrTiZn4O8,11.214593838057993,16.006101608276367
AsS3(NF3)2,4.0775447374066704,15.546134948730469
Na7V2O6,8.574540152554372,21.737897872924805
NaCr4O12,19.284104006598827,5.505412578582764
Se(OF)2,12.965536476602086,2.2632880210876465
Bi2(PO4)3,0.9950180772687265,5.486799240112305
Ca7Mg2N6,28.76069787636688,30.527849197387695
Na2Sn2O3,30.22856452608019,16.29163360595703
RbLi7(NiO3)2,18.928545684924437,6.224092960357666
Li4Fe(SiO4)2,1.3476384851064775,6.111789703369141
Li3V(FeO3)2,19.27590741017995,12.355277061462402
LiV3(OF3)2,24.16818078192952,19.36595344543457
FeOF,9.831832096488023,12.21505355834961
BaCa2I6,0.984609359960599,3.337937116622925
BeCrO4,5.213688636443587,15.347129821777344
SrI2O,22.41252554261608,19.461872100830078
HgNO2,8.021954628444622,21.250484466552734
Li7CuO4,3.6628927203267363,16.92415428161621
Rb2Fe4O7,15.52725316265387,15.823323249816895
Ca2SnS4,10.791248887040984,0.41054150462150574
Pd(Se3Cl)2,30.25180632390974,28.586212158203125
InGaN2,25.225392644998983,6.778635501861572
Li3Mn2VO6,23.95734329993914,22.90460205078125
Li4CoO3F,19.935682888012888,8.92269229888916
Li5NiOF5,0.6414931128594716,9.700444221496582
K2YInCl6,12.160214956507556,3.5236611366271973
ZnSeO4,5.3908667598661255,14.317378044128418
Y2(SeO4)3,0.7819444707929257,3.3951449394226074
MoW3(Se3S)2,1.0616874339606177,0.0
LiCrPO4,15.562755744738224,12.819401741027832
NClO3,22.948247277068404,13.48399543762207
Na2MnO4,26.929218435116574,15.165641784667969
LiCoSiO4,1.8834796058660732,32.279571533203125
Li2MnCoO4,24.050108355710613,6.450603485107422
VCuO3,22.066194076975183,31.405946731567383
Li3V(OF)2,17.612665384452,0.0
K2TlInI6,28.853658750949222,31.86550521850586
Ca3N2,28.685487029479546,27.528873443603516
Rb2Mn(TeS3)2,29.90611411193529,30.913557052612305
LiFeSiO4,5.026958345092082,13.118767738342285
Li2V(OF)2,0.7072920233533644,21.085248947143555
Sb8Cl2O11,8.487560595133738,17.333152770996094
AlFeO3,14.643483784393606,15.277667045593262
LiMnOF2,7.114806300228006,30.620182037353516
Li2Bi2(SO4)3,6.744094129286597,23.78609275817871
Li2V5NiO12,21.919212477536,29.20045280456543
CoSnO3,13.50657871868863,17.71462631225586
LiTiVO4,11.085812807497216,6.694036483764648
Ta2Mn2O7,20.206480089891727,12.20503044128418
LiAgF2,7.367284968186728,25.87605094909668
Na3Zn2(WO4)3,3.3705118637749134,11.51620101928711
SbOF3,8.072170467471539,9.902238845825195
Li2V3F8,3.1320689828405026,0.09897000342607498
Sn(SO2)2,1.1043531944813196,8.987363815307617
Ba2VMoO6,18.021840791563406,8.956550598144531
Sn(CO2)2,1.0438199149790854,8.796318054199219
CaC2(SN)2,0.6687435112496036,1.0157090425491333
LiNb(BO3)2,1.3952009792461038,3.845991373062134
Cs2NaGaBr6,10.001364758693246,14.267569541931152
LiMn2(BO3)2,2.577125421243725,29.150699615478516
HgS,28.93553375414198,24.387020111083984
Hg3(SCl)2,21.76054997019161,5.962390422821045
TlCd(NO2)3,1.1684933301450684,17.229381561279297
LiCoP2O7,8.979155508066832,30.056739807128906
Li3VF5,0.954224597249377,2.9953925609588623
Ti(ClO4)4,2.650892262319287,5.286495208740234
Rb2MgH4,1.3084191356570916,1.481949806213379
NaV3F10,16.135042220405474,17.93875503540039
K2Li2NiO4,25.703137482941305,4.365950107574463
Li2Mn7F16,2.07175623414987,1.720841646194458
Na6CoO4,24.196523975619023,23.758512496948242
CrCuO4,24.602827794620055,0.0
Li2VOF3,6.1424124075766,19.434040069580078
Fe(PO3)4,16.06915519144669,5.541143417358398
Hf2N2O,24.83761202215911,21.01634979248047
Y2V2O7,10.054556727808599,17.15540885925293
C2S(NCl)3,1.2928130081043179,2.8855371475219727
CoCl2,9.198176321330838,5.482866287231445
Li4MnF8,13.505094996400297,16.42624855041504
Fe3(OF2)2,6.827475042302302,31.489809036254883
LiFePO4,7.446035082162145,0.03715144097805023
Li3MnOF4,9.9272309152657,29.639421463012695
NaCl3,2.1007285747284925,8.931517601013184
Mg4CN4,3.365193172202245,20.459861755371094
As3Pb5ClO9,4.712956565125854,20.598833084106445
Ti3H2O7,1.90523444408017,3.7725296020507812
Li2CrCoO4,11.22223503547862,28.708982467651367
Li2NiO2,12.657313167618081,13.846745491027832
Li2FeO2F,6.703450355906525,5.292950630187988
Al2CO,1.0955956719203375,3.655860662460327
ZnP14Pb,28.636628341146675,32.46073532104492
MgFe4CuO8,13.786144102620172,21.474855422973633
Cd3Si2Pb3O10,8.697641332171141,24.849123001098633
NaV5O8,6.701763787438707,26.925670623779297
V3CrO10,23.88158731874929,0.0536288246512413
K2RbAsBr6,11.640945871169029,5.335292339324951
LiP5,27.117584761049223,21.644550323486328
Mg14AlCoO16,1.0390267758278497,0.10211393237113953
LiVPO4,3.290565991706023,4.695188999176025
Cs2RhAuF6,2.0568651610935653,0.0
Li2MnOF2,2.1047561254965856,6.791515827178955
Cs3Fe2Cl9,28.542714902800487,28.195295333862305
Li2TiFeO4,9.008964184469948,23.900178909301758
Li4MnO3F,11.794054704367701,21.012012481689453
VO2,19.33520134611145,31.244871139526367
K3SnSb3,24.45878853073259,5.925108909606934
CoP2O7,1.7194554531453452,10.569149017333984
Hg(ClO3)2,18.833476915594115,8.97287654876709
Li3NbS4,9.97491153236543,21.16350746154785
Li2AlNiO4,1.5877717245502083,26.954219818115234
VIn3Se4,19.151853666799333,32.65387725830078
KLi4CrO5,8.407404059924765,28.32727813720703
LiFe2F5,2.1635914664065012,0.017462676391005516
MoS2N2Cl5,13.053109451874773,13.969945907592773
YAl2N3,1.133757599791025,10.632136344909668
Li3VOF5,3.8721541767264007,0.8734538555145264
K4TiO4,2.906061228069932,1.368353247642517
Li4MnCr5O12,23.07539243096644,5.498020648956299
Li3Mn2OF5,7.816782626824227,6.194395065307617
NbIn(PbO3)2,12.146393464746431,11.788125038146973
Sn5(S2Cl)2,28.47318280142839,32.51312255859375
TePb2S,8.266717087744684,0.0
MoWSe3S,-0.20739532908175384,0.8734967708587646
Mo3W(SeS)4,0.11138000815462235,0.0
Li2Co(SiO3)2,1.4061175621153268,2.645979881286621
Li3VOF6,6.243336791025526,2.85066294670105
Li3Sn(BO3)2,1.1855422001624465,5.270538330078125
TiZnO3,5.959878323839969,2.827169895172119
LiVO2F,18.030542726849045,11.535640716552734
K2LiAuF6,6.4940025557997405,16.184539794921875
LiMn5O3F5,24.717441176295978,12.162927627563477
LiV2O2F3,24.336573589153403,28.663415908813477
LiTi(PO3)4,6.414810901989491,0.0
Li4V3FeO10,24.21014538477259,14.029435157775879
Li2Ti2VO6,8.46414603457912,28.813039779663086
SnS,23.21674708212423,30.22751808166504
LiNiPO4,3.236972278191594,0.04865875840187073
LiFe(Si2O5)2,1.47483480456477,5.029808044433594
Cs2Mn(TeS3)2,28.462076716484134,31.121976852416992
AsH6NO4,1.0488985705900422,0.4873966872692108
CuPO4,18.453709703833916,1.8352258205413818
HS9N,4.52069154983614,13.605777740478516
Li17Ag12F29,6.78058275383472,2.8173322677612305
Li3SbS3,24.689785243465266,16.102153778076172
Li5Nb2Cu3O10,30.873145727536773,10.539281845092773
Li2Mn2O3,30.275673478586903,13.951470375061035
MoW(SeS)2,0.10882678353030784,0.0
P2O3,1.0715377518209728,0.24193699657917023
Li2AlCoO4,14.32849327735088,26.060026168823242
Li3Fe4WO8,16.363197981196574,24.91049575805664
MnPO4,5.808382784973434,25.363447189331055
YN,18.39976288478634,30.660493850708008
LiVOF3,12.503956639415499,8.916909217834473
Ba2Na(NiO2)3,15.925270371750381,8.0910062789917
Cs2Se,10.561133674794016,29.488941192626953
Sn2SbS2I3,22.61146608433572,15.359203338623047
LiBi2(SO4)3,7.301328139296972,28.53659439086914
Rb2Zr2O5,1.1279120924497583,2.2522428035736084
Sr3TaN3,5.778040976065886,26.130569458007812
Li2SnBO4,1.2390676929298614,32.61370086669922
Li3Cu3(PO4)2,28.23577207512934,18.334136962890625
Mn2P3O10,13.08755796814634,5.493885040283203
Sr2CaWO6,1.5091826873385727,1.9851008653640747
FeS3N2Cl5,20.18845717920867,28.4095516204834
ZnH4(ClO3)2,1.1017115355553226,6.7904276847839355
CaMn2O4,19.251287932264894,27.33415985107422
Li4Mn5SnO12,27.596096450721852,4.066489219665527
V(SiO3)2,27.156879911328623,29.010927200317383
Cs2KTlI6,15.60425480415029,0.03378783538937569
SbCNCl6,1.2959600058970775,12.956695556640625
Ag3N5O6,21.267882475513815,18.258747100830078
TlCSN,19.396678345947365,10.206052780151367
Mn3NiO4,27.47081915561009,0.0
Li3TiSiO5,18.1073637097006,4.255093097686768
K2AlAgBr6,4.477402327488569,14.536803245544434
Li2CoP2O7,5.094484251163134,7.3357696533203125
Mn5VO12,30.384076245590315,32.17000961303711
Li3MnO2F,6.869313310428683,17.153972625732422
Na3V6N11,21.61073973644573,31.38040542602539
Cs2KMoI6,11.075247750977185,14.129755973815918
HfCoO3,12.097949864917087,8.445062637329102
LiBiB2O5,4.416255061263218,25.509401321411133
Sb2Se3,20.9865142162159,1.8248560428619385
InAgS2,15.779438102396288,5.979352951049805
Li3FeO3,17.525191226615526,21.120380401611328
LiSbP2O7,5.87445836849688,0.2428392767906189
Ba6SrI14,1.1685034369224034,3.227552890777588
Li2MnF6,6.240641439844936,6.393113136291504
TiO2,16.768263404137247,1.440988302230835
Li3Cr2CuO6,24.679734053405376,32.540367126464844
K2BiAuBr6,24.13326439293061,32.35831069946289
Na4Bi2O5,22.453087198430303,11.226570129394531
Fe4O5F3,9.368071564172963,16.513208389282227
Li3MnCr3O8,25.026284078106148,12.900379180908203
LiMnBO3,2.51742468752448,3.041668653488159
Rb3Pb4Au,27.486021012069454,6.575274467468262
TaO2F,1.4376835544276059,10.548697471618652
TaCrO4,22.145009885003276,12.898775100708008
Cs2ScAuI6,20.809797846182867,22.605417251586914
NbPHO5,2.9211291697296033,2.5478131771087646
Ti2O3,7.637629260106232,6.003584861755371
V3(PO4)4,23.392808406651223,17.018592834472656
TiBi2O5,9.483769845228464,24.96848487854004
KYTa2O7,2.557077365052116,9.393352508544922
SrCa4(FeO2)5,15.18726717399554,0.0
Sn4(PO4)3,7.213072601237765,10.24061107635498
Cd2SnO4,16.297959365171202,0.0
Li2BiBO4,1.2368025114596009,8.980365753173828
Sb2(CN2)3,27.634017079283662,19.702760696411133
CdSiN2,7.686699559089559,10.294273376464844
Zn(GaS2)2,15.149273587134843,18.148588180541992
Mg4ZrN4,17.417576788244254,25.82346534729004
ZnS2,17.400653937106778,26.3186092376709
SrMg14MnO16,5.226624679759107,3.828970193862915
Cs2BiAuCl6,24.72680636884424,26.538850784301758
Li4Bi2O5,22.843218278674208,6.907645225524902
TiMn3O8,24.659092224045317,29.68267059326172
LiNi(CO3)2,22.308694829009692,31.34716033935547
Li5MnO3F,20.37576355686828,10.810556411743164
AgSbS2,21.99230090118293,25.374582290649414
LiBi(BO3)2,6.364269435230304,30.726884841918945
Cu(SbO2)2,10.52660797590647,28.926971435546875
LiSi2NiO6,23.959840937288114,26.629196166992188
LiV2F7,14.572467723855583,2.9507710933685303
NaNO,0.915386778644395,1.5279099941253662
Cd(CoO2)2,21.36959645094206,28.833248138427734
AlAg3F6,18.811195261611417,0.0
Cs2InSbF6,0.9127236428165588,23.10474967956543
LiYSe2,18.922472143419544,0.0
NbV3O10,22.22649135555354,14.380083084106445
LiCuPO4,19.88746092665214,3.3559820652008057
Li2FePO5,3.523362974151537,5.264595031738281
TlIO4,22.055139157591185,21.18347930908203
NaFeO2,15.028614141754908,3.8583946228027344
Ti3TeO8,16.62862216757457,2.8836236000061035
LiFe5O3F5,11.396475876738107,15.125686645507812
CsCd(NO2)3,11.04899792354324,13.239200592041016
LiVO3,5.111075789506092,21.24336814880371
Li4Co(OF)2,22.37888450258216,17.766176223754883
Ti2MnAl,5.093694027510235,5.541069984436035
VF5,6.646934520395046,2.2264723777770996
LiCo3OF5,12.890319391938116,8.705350875854492
ScInO3,16.129003736784462,15.547893524169922
B2TeO6,0.9482843388705913,7.755615711212158
Li2NiBO4,2.293256366228924,29.61875343322754
TeWS,0.3854682294032479,0.0
PtCI2O,28.37344659598994,29.027244567871094
BaNb6O17,3.634876733553458,0.4587568938732147
Na2Zn3S4,13.09871438957928,15.524479866027832
LiMnAlO3,7.883328807167345,11.741911888122559
KMnO2,23.30788494674473,8.966609954833984
LiSn4(PO4)3,2.104589363670554,5.327030658721924
Mg3Fe2(SiO4)3,1.0053952108976816,3.6005544662475586
CoSbO4,9.517155057461085,15.023589134216309
K2InSbCl6,26.702581533456886,20.853452682495117
SeBr2,29.43291732379383,24.66803741455078
SbSNCl5,3.0690835464873043,17.524351119995117
BaTi4Bi4O15,5.855619335543998,18.55982208251953
LiVF4,2.9461447069814817,1.3526502847671509
LiVCrO4,20.093568436849626,20.62908935546875
K3TlBr6,18.40810792449733,16.492761611938477
Cs2NaGaH6,2.7289582738038245,5.123902320861816
H4C2SN4,1.6834753258319015,1.5364596843719482
VFeO4,10.701787484110966,15.82092571258545
Sr3V3BiO12,2.9959458523008617,5.3047285079956055
HS7N,4.286207367249224,18.875505447387695
CrCuO2,31.40679241426745,21.266977310180664
LiMnB2O5,1.4791491351397479,31.16788101196289
Sr3Sc3N5,29.535526380689824,19.95694923400879
LiV3O5F3,18.053432682492605,32.04973602294922
Sc4Te3N2,25.723330824057108,23.03611946105957
Fe4O3F5,7.012476443055898,25.955724716186523
Cs2YAuBr6,2.880402647110099,18.037643432617188
TiMnV4O12,10.584572554781598,26.819042205810547
Mn(CO3)2,23.23955428852836,32.55471420288086
MnCO3,1.3119830380149295,0.12680257856845856
LiBi(PO3)4,1.678766830940848,1.7567745447158813
Li2FeCoO4,22.226773713645343,25.009910583496094
K2Pd(CN)4,15.778615663390632,0.05910858139395714
NaVF3,2.99020204440653,0.5880085825920105
Bi3O4F,8.917850955119203,15.73560905456543
Co(PO3)4,1.0639235584460387,3.152545928955078
Re2S2NCl11,11.395679336349374,2.4098117351531982
CaCu3(GeO3)4,15.043978654162009,23.45134735107422
Ba2YI7,11.354644557021144,12.29094409942627
Li2SeO4,3.0317895381202806,0.5390567779541016
AlAgO2,17.0028072798778,27.239206314086914
LiCuBO3,1.8095902201153216,4.095603942871094
Na3Co(NO2)6,3.0230951829176433,11.286149978637695
Hf3N4,29.988208937535084,24.481416702270508
BiI3,19.972834769823635,16.063352584838867
TeMoS,2.0544951218084524,0.0
CdPbS2,19.279643127752486,29.88033103942871
FePSe,13.025130220608133,12.470024108886719
Zn7SnN6,3.606704091731485,5.696388244628906
Sr8SnPb3O16,26.066003636302653,13.417523384094238
Li3CuS2,12.011881970395772,10.587615966796875
Y2MgS4,18.923317322674205,15.22724723815918
TiCrO4,17.45546204308539,6.902749061584473
K6YO4,6.138938202867612,0.0
LiCo2OF3,5.984444109500429,13.69957447052002
K2S,19.127996618899505,17.23471450805664
LiCu(PO3)3,13.740497790295949,0.0
Y2O3,3.198186256820456,3.795814037322998
TiV4CoO12,21.747799007236043,28.621435165405273
ZnPt(CN)4,24.87343802111819,0.004446031525731087
Li2Mn4O5F3,27.80821244004514,21.47042465209961
BaMn2O8,5.418397621327311,23.856647491455078
Na2Al(P2O7)2,1.7580304955396109,5.929491996765137
MnSbO4,14.124225832301988,28.586362838745117
Li3Mn3FeO8,26.51743674279985,13.51088809967041
VIO4,17.38526889530821,31.466968536376953
HfCrO3,19.20120190215938,22.708431243896484
Te4Mo2WSe2,0.5964522596649875,0.0
ZrCrCuS4,12.762147136793391,10.793400764465332
MnV5O12,16.856568528572755,21.82770347595215
LiCo3NiO8,23.575119509612897,30.702163696289062
LiCoCO4,3.1409307315427544,4.5965495109558105
Li2BSbO4,1.4978517265986042,23.752683639526367
TeW2Se2S,0.04684191813329974,0.0
LiFe(SiO3)2,1.6104803898753186,1.535380244255066
LiTiP2O7,14.024787303039737,0.0
LiV2PO7,10.544472020683294,29.64968490600586
Li2MnSiO5,6.450773342442599,4.66890287399292
Li2FeBO4,0.6296530232112421,9.817968368530273
Sr2CaMoO6,15.686186342128764,13.495904922485352
Li4Mn(OF)2,9.474558149360979,5.717501163482666
Ti3MnO8,16.06014784198345,23.878726959228516
K2GaAgCl6,11.902655501039533,10.630043983459473
Li2NbCo3O8,23.80318399357119,20.03009033203125
Li2AgF4,19.917838740953943,17.545686721801758
Ba(TeP2)2,25.93649286483459,32.32939910888672
Ba2SrI6,1.0252600817500888,6.96843147277832
ClO2,10.954601570742502,29.160083770751953
Li2AgF3,8.065048663654906,6.416122913360596
Li2MnOF3,9.316033978531369,31.147951126098633
NaCaVO4,5.646755201828324,0.24287381768226624
SrCrO4,5.800690264074151,5.3353986740112305
Bi4O5F2,8.335697422241633,2.8723480701446533
CaPbI4,9.739683554134,3.875337600708008
Fe2OF3,6.2626129420981576,20.90955352783203
LiV5O10,3.1580831960278193,16.554641723632812
MoW2(Se2S)2,0.38622371100905717,0.047223594039678574
LiTi(Si2O5)2,4.429381238327357,0.0
NaCoO2,23.888045549466504,21.23877716064453
Cr(PO3)4,5.82351010394995,4.770005702972412
LiNiBO3,2.01018827331794,0.8079791069030762
CsI2Br,13.45691385694488,21.273584365844727
Fe4OF7,6.272348927039908,8.558170318603516
PAuS,32.29511497467644,25.370004653930664
LiVBO4,1.5382725192037174,22.66419792175293
LiV(PO4)2,14.658391123044684,21.628726959228516
Li2Cu(SiO3)2,23.898698092777845,0.0
Li2VSi3O8,8.501511422061075,0.6579954624176025
LiMnCrO4,26.06867435221349,27.713308334350586
K2O,26.17058351477902,20.710241317749023
BaZrSe3,21.976575387322885,21.001249313354492
ScTlO3,5.459337017944439,27.056306838989258
S3N,12.108682946610317,28.429670333862305
Li3Nb2VO6,31.09791540208377,13.950883865356445
Bi2B2O7,2.2266489135482104,21.68328285217285
K2AlTlCl6,2.7842530842784896,0.004442553501576185
LiInSe2,16.868097518981134,24.83567237854004
Cs2RbGaBr6,5.29965814780428,9.906243324279785
CdSO3,3.9029507906140353,2.803389549255371
HfCrCuS4,23.8501400810707,16.533485412597656
Cs2GaAgBr6,3.674215469310118,0.0
TaAlO4,1.242107306213434,9.514582633972168
TlN3,25.999724653885334,15.49534797668457
LiSnPO4,5.891605779593276,3.875332832336426
CoTeO4,9.939878283753583,0.5059015154838562
Cs2InGaF6,0.8674768640338701,0.24291525781154633
Cs3B12H12Br,29.54800698735167,0.0
AsS2NF6,3.0354797751948084,8.988686561584473
Bi2(SO4)3,0.9294276190573729,1.4461069107055664
Se2O5,2.324204581776586,5.3364644050598145
LiTiFeO4,4.332581051704791,21.74278450012207
Li3Fe3SiO8,5.4161261231212166,11.082910537719727
Y2Pt2S7,14.768152383048514,11.304374694824219
Sn2SO5,7.448823289359503,1.024518609046936
YMg14CoO16,3.7004709818063137,0.0
P4SeO6,1.0806287980340183,2.8848133087158203
Li3CuF4,15.887064542565643,0.0
Cu2(ReS2)3,4.162825092887818,21.199260711669922
LiFe5(OF2)4,4.6288713360646,25.403820037841797
LiAgF3,18.804034609869404,10.742435455322266
Sb5O7F,10.66815244497609,8.663511276245117
LiH2BrO5,1.8674401502350513,26.536849975585938
LiTi3VO8,14.4011813778643,22.83954620361328
Li2MnO2F,3.294995918546773,26.756521224975586
Li5VCr3O8,21.86336432100223,22.23183250427246
LiV(FeO2)4,14.204927975568667,13.722383499145508
Cr5Cu(GeO6)2,24.285027761396528,16.008596420288086
ZrPbO3,6.821046500243508,13.205276489257812
Li3V2(SiO5)2,1.6373442040323791,18.24624252319336
Li3CuF5,26.32578571423325,2.0133118629455566
Ca5MgN4,28.65732702112924,23.852924346923828
Li4MnOF4,0.9980147367486243,2.2225491193239577e-05
Sr4Br6O,0.4750003797746114,0.8102527260780334
Na3Nb6O11,32.443166629165994,0.35151734948158264
VBO4,16.20906394177196,18.485137939453125
Cd2Ru(CN)6,22.771455106205355,8.702420234680176
Li2VO2F,19.289578721546608,19.70464515686035
LiBi2BO5,1.465718491408385,23.70049476623535
LiV2O5,17.168669286889582,10.323587417602539
SnSe,15.37068117903392,25.201066970825195
MnF4,1.8416653413358635,26.855724334716797
LiFeF4,1.7725703580835166,1.3810027837753296
GaSe2NCl6,1.2575024547893339,28.79153823852539
LiMnPO4,15.239893795253703,1.245245337486267
LiV3F10,14.711363664548985,6.976243019104004
VCl3O,14.345754547610692,5.336907386779785
Co3NiO8,16.229963809790853,32.57136154174805
Li3Mn2SbO6,23.049250619715263,7.3584065437316895
V4CrCoO12,1.1798331343152046,5.451521873474121
SnWO4,6.292349607712758,0.24002575874328613
K2Cd(NO2)4,2.432329412403286,11.677334785461426
Li6PS5Cl,5.050920882480344,4.57849645614624
LiV3O8,15.329777471974257,22.30881118774414
Li6Fe(O2F)2,8.63241724463819,28.659805297851562
V3SnO8,27.512164718341378,24.90658950805664
Li3FeF6,11.621205440012561,0.05529205501079559
Li2Si2NiO6,8.553145368282841,0.40474140644073486
LiCo5O3F5,20.090007692859707,26.70250701904297
MnF3,15.874950938255777,23.76409912109375
LiVPO5,6.938343231301935,9.481112480163574
Li3TiCo3O8,26.882173913315384,23.51498794555664
CuPO3,8.06075170410347,11.036260604858398
K2NaGaCl6,1.7254449820636406,2.9852468967437744
MoP(Cl3O)2,6.557132013729965,5.349270343780518
LiSbO3,13.091233202973262,24.96733283996582
ZnBr2,10.07916262474161,1.8297877311706543
LiY3WO8,13.953692283303782,4.9746222496032715
RbNa3H4,6.019347233354087,5.321946144104004
K2Ni(CN)4,4.335129222940438,3.874818801879883
Mo(WSe3)2,1.3498821896749007,31.712984085083008
MnH8(NF3)2,0.9962207837716193,1.493552803993225
Li2CoO3,28.90831746612535,16.535137176513672
SnBO3,2.825610017134279,8.899187088012695
CaO,0.8185878553689943,2.5303611755371094
Li2VCr2O6,25.793545132899332,23.022275924682617
Cs2KGaBr6,4.956687185627345,11.252443313598633
KRbO,21.485480128194304,19.49175262451172
Sr3SbP,9.1471443600341,7.410523414611816
MnOF,3.740084495571775,22.022037506103516
Li2Ti2CoO6,23.823827086278406,19.810985565185547
YMg14CuO16,4.3966883403422,7.2093682289123535
Li3Ti(CoO3)2,21.87199740386727,5.539626598358154
LiGaSi,30.72063319420088,32.5106315612793
Na3(NiO2)2,6.324580120634829,22.387603759765625
Cl2O7,9.709265312722852,0.4087883532047272
AlBiO3,2.5585870649165674,2.8309569358825684
LiNi2OF3,16.606091950036785,1.4752367734909058
Mn4FeO5,20.270956275901874,13.69667911529541
CdP14Pb,28.808844036897614,31.143381118774414
Ba7SiN6,17.31058202165835,13.527013778686523
NaV2O5,18.219347434248608,21.772485733032227
K2S2O5,3.0700639038888227,2.885209321975708
Cs2AlAgBr6,6.936861956748739,15.271288871765137
SrLiP,28.82868111411235,30.03348159790039
Pd(S3N)2,14.371173882200793,31.883562088012695
Li8Co(O2F)2,20.778109309195397,10.188175201416016
Y2Hg2O5,18.87883613227466,23.126924514770508
V4CrFeO12,0.05467340722094072,31.408254623413086
Bi2O3,13.364111848268774,18.979284286499023
YTlO2,6.125146873520098,28.133424758911133
YBr3,10.00009572646409,3.4851789474487305
LiCu(PO3)2,8.624892117238522,15.25590991973877
CoBiO3,4.0110288773955585,21.613975524902344
Li3MnOF3,0.8128168855105748,7.606903553009033
AlAgS2,20.51628187220158,25.875972747802734
LiB2SbO5,2.0071410799513654,5.229254722595215
NaTaO3,2.120558071860229,3.230449676513672
MgFe4NiO8,12.948193720450007,12.585885047912598
LiV(OF)2,21.335323737324686,5.9776611328125
K4Ni(NO2)6,2.5261796833911294,17.439573287963867
SbTe2F6,13.791446449638869,32.34148406982422
Li2Mn2CoO6,27.20551498721295,22.723711013793945
LiNb(PO3)4,7.272159348233894,0.0
K2PO4,1.0659423872187528,1.8908504247665405
Sn4P2O9,5.87008908232014,18.512447357177734
K2AsAuCl6,10.552919391514802,32.35856246948242
Fe3O4,15.661575707643879,16.411195755004883
Sr2YI7,9.183920711899486,8.776138305664062
Li3MnPO5,11.182197352901872,12.35531234741211
Li4Mn7(OF7)2,8.724071818249953,5.674418926239014
NaCl7,7.9164127111006595,16.061412811279297
P3N5,12.163785649356415,2.011509656906128
LiFe2(ClO)2,10.399816875051965,30.545480728149414
Li6Ti2O7,11.747173786024621,10.811654090881348
Li2AlVO4,10.956664616666057,12.616740226745605
BrO2F,10.971926166279058,5.305478096008301
SiBi2O5,5.889952058151798,4.978381633758545
Li2CoNi3O8,29.958105901242085,32.37621307373047
Ga2WO6,8.380066806416908,3.6962316036224365
TaGaBi2O7,20.39490579314122,14.275818824768066
MnCSO7,10.775045196278265,4.440596103668213
Y2Bi2O7,4.905356126888844,5.544445514678955
Li3V2O6,8.035544453919016,30.81493377685547
Li3Mn3NiO8,29.494401903712742,7.523679256439209
Mn3CrO8,19.5881828262426,28.952695846557617
Na2FeO4,15.684186779400346,30.666404724121094
Li2SnP2O7,6.390936167229327,15.581184387207031
BiTeIr,30.98678885858851,25.375242233276367
Li5BiS4,13.610858078457667,16.99240493774414
LiCu2F5,10.43599313701307,7.443460941314697
VSn(PO4)2,26.29460756950121,0.2626822590827942
H3S,3.792335271047783,0.058350879698991776
Li2FeF4,1.1708330490981762,0.0006009924691170454
Li7(SbS)2,28.120094955138885,6.781788349151611
Ca2PI,12.53900236358062,29.09149932861328
Li2Mn3NiO8,29.299667044711732,30.148696899414062
LiV3O5F,17.51360822811576,30.459430694580078
NaCuO2,18.991689671347082,30.04990577697754
Ag3SBr,4.167582858318379,6.430095195770264
SrCaI4,0.530000198685805,2.003664970397949
Li2MnNb3O8,30.208908107510325,31.191875457763672
Li5Nb3OF18,2.0221546976828595,0.003480443498119712
NaZr2SN2Cl,1.9392071127454038,18.346920013427734
K4Sb2O3,12.365260307574468,25.7376651763916
Sr3InN3,6.625798722292732,0.2813549339771271
Te2Mo3WSe6,0.2832305965743238,0.033168356865644455
BaBiClO2,15.683682072207167,18.573034286499023
LiMnF4,9.118563025403633,28.46099281311035
Li2Cr3CoO8,25.772240046276654,15.155099868774414
GaAgO2,10.877667518319512,24.271574020385742
LiV2CrO6,16.308070880058317,25.372468948364258
V3O5F,24.128233744511995,31.182085037231445
Cs2RbGaI6,14.425665835550891,7.121466636657715
Cs2Ba2O3,13.428837466385184,12.288527488708496
C3N4,1.4645359984601622,0.0
Li3Ti2(PO4)3,8.44827681497884,2.1360433101654053
AgTe3I,31.076279318503367,28.919147491455078
W(ClO)2,28.275356531909964,24.542531967163086
Li2CoOF3,1.7105475922715012,26.228870391845703
Li2Cu4S3,6.668897810891683,23.747804641723633
Sr4Nb2O9,13.244989343676576,6.937109470367432
Ba4In2O7,28.913565410256673,25.5194091796875
Cr2(WO4)3,12.073282142932097,2.7831504344940186
Ba2YBr7,1.4284194296526938,1.9155614376068115
Ti4FeBi3O14,9.768114550451605,31.19854736328125
Rb2NaGaBr6,3.5186153154983106,12.018177032470703
LiBi3O5,18.199243790781654,21.472305297851562
Sc2Si2O7,1.2687070808126109,0.22552289068698883
K2Te2Pd,30.445841288580283,30.7423095703125
LiVB2O5,2.4628240863180295,7.270284175872803
As2SeS2,19.906672647019256,32.311641693115234
Li3Mn3SiO8,18.024157770267507,32.22289276123047
MoH8(NO2)2,7.28891512170855,0.24291525781154633
NaSbO3,13.082302759768808,6.280489444732666
Li2AgF5,27.365255129690706,19.749622344970703
Ba(ReN2)2,32.21916885973797,5.541182041168213
Te6MoW3Se2,10.267919009112036,0.0
Li2Hf2O5,2.2686514168062892,0.003235654206946492
Li2VF5,1.9850678782512077,0.9524195194244385
PbSe,20.926257609743217,32.35216522216797
LiMnF3,5.978988344760151,0.24620866775512695
Li2VFe3O8,10.153015689261311,30.394468307495117
INO3,6.407305356470911,19.170806884765625
HS3N,3.8840953341479842,2.8798563480377197
Mg2AsO5,1.6488027628362047,20.011802673339844
TlHgAsS3,24.008436849410266,7.377594947814941
CuSiO3,16.92956788624442,17.998903274536133
LiSn(PO3)3,1.6854499374537735,0.05853480100631714
H2WO5,10.278615137900635,11.774054527282715
OsC4(ClO2)2,1.63719260237235,6.747873306274414
Ag2WS4,17.503077597806026,25.06792449951172
Na6Sn2O7,13.23167184847585,22.15411949157715
V2O2F3,13.936900662353267,30.78663444519043
Nb2Sn2O7,19.02384691013347,30.315645217895508
Li3Mn3CoO8,17.606897257124707,18.99382781982422
Li5CrS4,17.664117092844943,19.0798282623291
Cu2SeS3,11.831392298211984,16.5826358795166
NbVO4,19.79250143685175,30.920259475708008
LiVF3,1.9993159075995575,1.6740046739578247
TeW2Se3,-0.0811174630138023,4.554863452911377
SbS2NCl6,10.605645501362357,23.249271392822266
Li5SbS4,23.451842093066343,28.09834861755371
NaTl3(SO3)2,2.9652717830884185,2.885526418685913
Ba2TaCoO6,25.892518276648975,25.94970703125
MoCl3O,27.124941231602108,12.25664234161377
LiVF5,10.818425695458645,11.496633529663086
Li5VO3F2,15.515209358274976,4.0641913414001465
Li3MnCoO5,27.67069710092757,20.338186264038086
ZrCrO3,21.717418666239904,27.767772674560547
Mo2Cl8O,27.183986288141732,20.309642791748047
Sr2CdN2,0.8819308189704262,6.240204811096191
MoCl4O,19.786856801710023,24.82184410095215
Al2HgO4,5.063342743498934,31.34844398498535
Na5CrO4,26.22188046314401,15.359625816345215
Si2WO6,8.55783807133431,4.3582048416137695
Al6C3N2,4.860781448798948,19.70429039001465
Li8TeO6,5.675692800359857,8.973221778869629
V3O7,23.41346665952445,20.364946365356445
K2ScAuCl6,11.273340270911039,13.630485534667969
CaAlSiO5,0.8520425516957957,6.367949485778809
Cr3CuO8,24.584408192926585,16.519071578979492
CrOF,17.217560506412,26.48004722595215
MgSnO3,6.773032991165298,17.7955379486084
NaAg(NO2)2,9.820976785956395,19.313316345214844
ZrCoO3,31.573520129925356,7.943408966064453
Y2MgSe4,14.113161595732633,25.57210350036621
LiTiV2O6,14.590008193839283,30.35921859741211
CsSO4,3.405214747102617,0.948063313961029
Mo2WSe6,0.7351260881346082,32.05577850341797
Ca5Ta4O15,8.541759451941115,3.0288383960723877
CuH6C2O7,0.7873440165842762,0.95369952917099
Li5CuF6,22.296853476014295,2.9601433277130127
CuAsO3,13.907415244906483,5.5410475730896
Sr2CaI6,0.29676862481487376,2.020024538040161
Li2HN,18.93528501038629,12.233288764953613
Mg3(AlN2)2,4.861713167334541,7.791337490081787
Ba3(YI6)2,18.831098664552417,10.232372283935547
Na2CS3,2.111761385537072,24.698841094970703
GaCu(WO4)2,12.887347802003562,29.527742385864258
Ba4Br6O,9.717267353678027,1.1414979696273804
AgSe3I,31.78324460306169,30.413421630859375
Ag3SI,4.641676622948346,19.741758346557617
Li5FeO3F2,8.384924376273656,3.81017804145813
SnGeO3,16.646791942365784,5.336912631988525
BiCO3,8.850959249325935,28.098430633544922
KBr,2.381690667912247,2.2786725821788423e-05
VBiO4,7.619577292438333,2.1872432231903076
Zr2N2O,25.259851702323473,32.135807037353516
Br2O3,4.866682543415559,23.95041847229004
BiS4N3Cl4,6.440689937029949,19.260995864868164
SrCa2I6,0.7523657235741883,0.585381031036377
Na2W3O10,3.8378126106884327,0.05420144647359848
Li2CoBO4,8.771516505266264,28.7949275970459
K2RbInCl6,1.6614589747542539,0.49789780378341675
Cs2YAuCl6,2.8460257073514583,13.192044258117676
CdIn2O4,4.902630455376247,0.0
Li4Cr5WO12,10.247034301259145,9.097177505493164
HfZrO4,4.321227982389404,1.5406451225280762
LiFe(CO3)2,8.32531649857118,8.988673210144043
LiMnCr2O6,24.859138194536,20.97115707397461
Li2Ti(BO3)2,1.336982151753638,5.025555610656738
Hg2Pb(SBr)2,25.558525922787233,15.66611385345459
Ca(BO2)3,1.468850329035142,16.496797561645508
AgAuS2,23.07983878132036,8.597749710083008
Li2MnCO4,15.27661203314941,14.819341659545898
MnZnO3,29.711352722643774,0.007095319218933582
Li2VSiO4,7.479118986095459,21.511049270629883
SnH3NF3,3.8345999188429936,0.23751431703567505
LiV2(OF)3,22.003701346017078,31.854808807373047
K3InBr6,1.4469754728401885,7.339870929718018
Mn3TeO8,24.03604477504863,31.44378089904785
Li5Co3O8,23.900780088908903,25.359737396240234
Tl3AsF6,2.563668247221857,4.088600158691406
LiFe2O2F3,7.7456865016595025,8.254247665405273
CuTeSBr,27.48863108731628,32.41967010498047
LiMn3CrO8,19.380113969568495,22.23654556274414
Ta2CrNO5,19.27860212968696,14.997838020324707
Li2Cr2SnO6,29.309950690650332,2.1509017944335938
KMn2Cr2O10,17.914556718476284,5.394164562225342
Te4MoW3Se4,3.47026701942087,0.0
Sr3(AsO4)2,5.828985450571315,0.13479085266590118
Cs2CaO2,16.770197272812986,10.074570655822754
Ca4I6O,1.1310148730916758,1.8516103029251099
H5C2NO4,0.8350922227574369,1.3620095252990723
Cd2GaCuS4,22.46929783760244,5.5382280349731445
Li2AlFeO4,0.7904341637545258,2.11625075340271
LiVBO3,1.3630210002107095,6.899418830871582
CaMn3O4,15.95298662940831,8.166546821594238
LiNb(PO4)2,11.370779711200058,15.911477088928223
CuTeSCl,26.680058580165312,32.402713775634766
Li2VF6,8.467283241431335,0.6423574686050415
Ca3Cu2(SiO4)3,9.434541627849274,6.318614959716797
Na4Sc2(PO4)3,1.6877542826862069,25.131572723388672
Li3NiOF3,0.6699436910581635,0.04227306321263313
Y7ReO14,0.36834861194452273,15.100340843200684
LiCuSi2O5,19.573239955952452,11.007580757141113
CrI2,18.910170932055394,10.41993236541748
CsCoF3,0.8085821458071099,0.5534412860870361
Te6Mo3WS2,-0.7433097239770312,0.0
BaCaI4,0.7888928802109021,6.042849540710449
CaNiO3,8.363998925474633,24.181398391723633
MgMnO2,2.5820600552776547,8.001252174377441
SnAsF7,8.598107262279393,1.649380087852478
KNa5TeO6,11.818775250056108,1.5471915006637573
NiTeO4,2.0461810341030517,17.232372283935547
KTlBr3,30.557303882421948,29.55394744873047
Ti2ZnSn2O7,16.75966064160421,5.036056995391846
V5CrO12,9.016161473279803,32.62868881225586
Sr4GeN4,19.430858835221553,19.564329147338867
Sr3Nb4O13,7.396707692030353,0.0
Sr3CaI8,0.2504164172611443,2.484513759613037
FePO4,12.642379693472488,15.501879692077637
Mo3W(Se3S)2,-0.3593102992077011,0.0
Li8Mn(O2F)2,19.606730657673513,3.069491147994995
BaH2N2O5,1.9712708638414433,12.033170700073242
BaNa2O2,19.751334637744584,25.020761489868164
LiV3CoO10,17.23613992152208,8.441773414611816
Li4CuF7,29.055583318677087,0.0
CuTeO4,19.57352105069709,1.646034836769104
Li3V5O14,19.750951211879425,11.286136627197266
Li8Fe(O2F)2,7.961425770657471,0.8177957534790039
LiCuO,19.128047784459767,32.44947814941406
SnS2,24.886290051847112,22.975732803344727
NaMnO2,30.609967772421534,21.06888771057129
CrBr2,32.38084824011692,10.612736701965332
Te3W2S,1.213754005746594,0.0
HS8N,4.374823590924581,8.96415901184082
Li6CrO4,25.985366713333462,19.48487091064453
Li3SbO3,13.360297092539108,1.0278916358947754
LiYS2,13.106102127974546,6.1085333824157715
Zn7GeN6,9.400167214784966,7.846429347991943
Li3Co2(SiO4)2,1.3654099897033252,19.787973403930664
Sr5Hf2N6,18.65382768511311,21.731218338012695
Li2TiV5O12,15.309669722629012,29.238943099975586
LiH2N,7.286480651717925,6.046708106994629
Sr7RuN6,17.17188418959256,0.7461106181144714
Li3CuO2,7.028008033125824,8.422565460205078
CsCa(NO2)3,4.490504500956538,8.726278305053711
TaIn3O7,11.919600144915641,24.340660095214844
Te2W2SeS,0.07643203547653954,0.0
CrSbTeO6,16.91839610724748,32.580867767333984
Te4Mo3WSe4,0.2794734020999492,0.0
BaNa4O3,19.31149210983015,26.24964714050293
Li3MnF5,8.649754789483206,0.0013237507082521915
Ta2O5,8.82586348952896,1.5149160623550415
Hg(TeO3)2,13.151892896151384,22.505037307739258
Ba3Y2O6,1.5680344517616582,6.000630855560303
Mg2MnSbO6,4.000227259118525,25.521013259887695
Li2Cr2O7,21.706176771475207,11.059215545654297
LiSiBiO4,4.699989569804744,1.019038200378418
Na6CrN4,13.450940988417347,14.751228332519531
Ba5Zr2N6,27.013181751176226,23.223390579223633
CaB2(H5N)2,3.2337235809518994,2.9255670108696563e-10
NaCaSiO4,1.1405480908131373,0.3675333857536316
GeS,24.839332701000437,32.49799346923828
LiVSiO5,2.6348212230090926,19.703096389770508
Li2(BH)11,31.200456238232753,0.003561057848855853
Mg2CoO4,18.33691957498942,29.13759422302246
LiFe2OF3,6.454258285602505,12.593287467956543
Li3VS4,27.100611691861857,21.308528900146484
CdH4S2O5,1.209582433401474,2.637708902359009
Ca3BiAs,7.813969784357114,0.5821161866188049
Li2Fe2OF4,3.963717789342148,5.748372554779053
KMn2(MoO5)2,10.112571840570402,5.1208014488220215
Cs2ScCuF6,0.7434048021193345,13.227585792541504
Ca6Ge2O,15.246843152182054,6.4708662033081055
Li8Sb2S,4.894001162552705,29.842790603637695
CdCl2,14.87852691914268,4.720728397369385
SbS8Cl5O,1.3647745260783726,20.482345581054688
Ba5Hf2N6,19.233427361692783,22.210590362548828
V3O2F5,7.299337735835514,8.810516357421875
Pb3IF5,2.5345556751077076,1.5362573862075806
Cd2Os(CN)6,20.244281332146265,13.039786338806152
Sc2V2O7,15.175880625980229,29.756797790527344
Cs2TlGaI6,28.012783720087672,22.804487228393555
Sr2CdWO6,1.658942387197781,0.581026554107666
Zn2In2O5,11.317461723204808,15.604435920715332
CaFeO2,14.980232682814336,0.0
Ta3(OF)5,1.11283025397125,10.006966590881348
BaScO2F,0.7131830111926423,1.6173611879348755
NaRuN,21.905454626888407,31.41166877746582
NbTlO3,4.032542416300778,0.0
Al2ZnS4,5.586991300750733,15.173357963562012
BaY3Br11,1.9751278627420028,3.0710642337799072
Mn3NiO8,28.351470672021634,25.207637786865234
Li7Fe3(SiO6)2,2.549191552036298,9.583656311035156
Li2Fe2Si2O7,2.601965353239404,0.761608898639679
Ba(NO2)2,0.8258356780655269,12.676898002624512
NbC2NCl8,25.95769562033675,15.694294929504395
K2InSbBr6,3.247090425651333,6.624621391296387
IF3,4.381631137133446,18.158475875854492
Li4CoO4,16.13638452677031,1.4650152921676636
LiCuCO3,30.900634898541448,20.362194061279297
AlSNCl3,0.5196255917511845,13.647465705871582
LiCu5(PO4)2,25.431161578155745,14.775310516357422
Br2O,6.897783470508462,32.331790924072266
Ni(PO3)4,2.78905254016556,5.543133735656738
Y4Ga2O9,1.9588850082171092,1.406674861907959
Li2Cu(HO)4,5.063188615144572,32.189579010009766
Li3CrO4,17.420540916534605,23.57000160217285
BaMo4(PO8)2,9.342715870696395,22.945573806762695
Zn2SiO4,4.695354980722955,4.277294635772705
LiCoGeO4,3.3082667488615236,27.832502365112305
Li3Co2(PO4)3,4.016470113643416,32.5676383972168
CaCrO2,23.437980647951065,4.194817066192627
Li3V2(NiO4)2,23.093729283420473,28.54872703552246
NiH8(CO5)2,0.7233971730370659,5.975744247436523
Te2MoCl4O,28.541312587445223,32.62263488769531
AgI,14.979630697889306,15.868902206420898
CaBiNO5,4.340514871912953,12.089235305786133
TlNO2,12.222041982467898,20.796613693237305
Zr(WO4)2,7.168197878195729,0.5962203145027161
Te2Mo(WSe2)2,0.6906600579010664,10.093482971191406
LiFe2F7,10.334411813037352,0.23900830745697021
K2NaInI6,6.159532656708908,0.771984875202179
NaMn(HO)3,1.392281383943386,18.328134536743164
LiCr2P3O13,17.39193936834947,21.76462745666504
NaHNO2,3.490941064133681,3.8678338527679443
V3(O2F)2,8.152507345488587,32.551937103271484
TiVO4,16.374476513029116,30.878196716308594
SbS2NF6,0.7635476093484606,8.988685607910156
Li4V3O8,15.021323681091491,28.18665885925293
LiMn2(PO4)3,6.778595508741179,15.11349868774414
LiBi2P3O11,4.376879688438718,0.9188076853752136
BrCl,19.683805573305612,9.497186660766602
Na4Mo(NO)2,6.907729802753502,13.685935974121094
SrO,15.398020959236112,4.509336471557617
Cu2S,10.89168846101461,5.54719877243042
Te(HO)6,2.100170175280722,6.94872522354126
CdInGaS4,18.420190576801602,0.0
AgH3O2,6.614684425591888,24.995702743530273
LiVGeO5,3.047868789187058,18.119220733642578
CuTeSeBr,30.502454401823613,28.954708099365234
RbSO4F,1.417873007503374,8.57392692565918
CuSe3I,31.81812182829843,26.003780364990234
CoAgO2,25.147869872796214,26.538848876953125
BaHgO2,3.0449725658069298,12.221970558166504
NCl3,9.977594250074352,18.045711517333984
LiNbWO6,5.591203300205193,2.885531425476074
Li3Bi(BO3)2,1.1478110736756726,1.5151020288467407
SnO2,20.9515479250039,21.725385665893555
MgO,2.0758949594686484,1.4112584590911865
Co2(SO4)3,5.857117665283947,16.999326705932617
LiCu(HO)4,5.196694090354386,31.384794235229492
Li3Fe2(OF)3,6.274132141565993,19.959033966064453
KCl,1.7034311576803276,0.0
Li3Ti(BO3)2,1.1368515370027747,0.0
LiV2(PO4)3,10.193344573360033,26.603647232055664
Ga2Os,18.171688925724297,29.441139221191406
Rb2InAsBr6,4.1052669959636425,6.016026020050049
Sr3W2O9,7.399739093557341,0.8873950839042664
CsBiSe2,26.231166064820762,30.708297729492188
Ba8In6O17,29.2934918037599,13.692487716674805
LiMn5P3O13,3.8274095784425572,2.1251089572906494
Nb2Ge2O7,16.7405401980699,22.473474502563477
Li3V4FeO8,30.000468458442732,25.076858520507812
Ba3(ClO)2,17.501068244137066,9.49571704864502
Li3B2SbO6,1.4748057475799303,5.336820125579834
Na2FeO3,27.164395563624538,4.022789001464844
Mn2As2O7,4.142999385797584,17.17816925048828
Li6SN4,3.018309623849408,5.526820182800293
PbN6,24.00515972685931,13.314478874206543
Cd(BO2)2,2.5739291529114574,3.930666208267212
BaFe2S2O,17.438234409443897,12.443286895751953
LiSb2P3O11,3.8302249476040036,0.9995565414428711
SbOF,10.587114093444617,3.6882710456848145
BiOF,6.227308073845424,11.09253215789795
AgNO2,24.420375196775687,18.669172286987305
Li4V3CoO8,25.772573569928717,30.44692611694336
Li4Fe(OF)2,3.343594989036845,0.5800403356552124
NbOF3,1.5251008616415707,19.8483943939209
Re(Se2Cl3)2,15.539264435843215,5.231651782989502
Te2Mo(WSe2)3,2.5663629667288657,0.0
PtC2(ClO)2,18.773182408706425,5.336867809295654
TiBi2(O2F)2,9.15896771033237,22.739166259765625
Li3Si2BiO7,1.2822274221928236,2.5964934825897217
Te6MoW3S2,2.068944023356339,0.0
InRhO3,11.075326710175117,0.0
Ta2FeS4,7.743387209815736,5.542220115661621
Cr3(OF)2,22.777147116865844,18.130672454833984
Li2Mn3F8,7.101613165764021,0.4443402886390686
BAs,16.171477468535798,10.610647201538086
Cu7PSe6,10.978607693608025,5.547547340393066
Li4VP2O9,1.5365897407774014,12.94736099243164
Cs2InCl5O,3.4007867152826172,8.360803604125977
Co3C2(SeO5)2,11.98164375595591,11.71591567993164
Rb2AlInH6,29.169834119716107,30.72451400756836
NaBiS2,16.66696412241654,6.292893886566162
ZnN6,0.08535631986355341,0.23914764821529388
CsLiO,15.63949492586072,7.606311798095703
VSbRu,2.3056801222682637,31.413665771484375
Cr2OF2,14.94054336821886,4.9265546798706055
NaLi5N2,18.601813155557313,21.438255310058594
VOF2,28.092215409859634,32.24535369873047
RbO3,1.2364601443773697,20.623809814453125
Na7NbO6,3.967212839279389,6.516369342803955
LiCoPO4,1.8789719831745568,4.0737433433532715
Y2HgO4,3.259591877541439,30.438467025756836
SrTa2Bi2O9,9.965449062085316,20.780885696411133
LiCoO2,24.05100406885195,21.245372772216797
GePb3O5,17.458909085830292,25.617525100708008
Pd(SeBr3)2,26.11268305077261,30.812225341796875
V2Co(H4O5)2,5.989805754876772,18.905956268310547
Li3Nb7O19,10.413289209239835,17.14719581604004
CaTa2O6,3.6110607444365552,14.86266040802002
Cs2AlGaH6,28.538513010123364,28.790496826171875
GeTe2Pb,8.89557403868838,10.982919692993164
Mg(ScS2)2,18.56891054194245,20.719253540039062
Li2Co(CO3)2,11.460529473120921,9.975333213806152
Si5(H2Cl)4,4.304813944323396,0.5494273900985718
Li3Bi2(PO4)3,5.881037880542118,0.9766214489936829
Cs2YAuI6,9.196558921120406,25.474720001220703
Li4Co5CuO12,18.625934243015024,3.6692917346954346
Ga2CoO4,14.717137792775322,10.184088706970215
Li3Fe2F9,1.3302371412295333,0.004371474031358957
LiNO2,19.784774805578962,15.999079704284668
KAl2(SiO3)4,1.4227091004582846,0.0
BaSrI4,0.8911557799831638,2.5567524433135986
RbMgCrF6,1.1832264848055107,0.45989856123924255
K2Hg3S3O10,6.474137684947332,13.567082405090332
VCu3O4,25.26484950371575,6.84173583984375
Mg(CO2)2,0.3812739168091248,1.371024489402771
ZrO2,7.188102544483895,2.423552177788224e-05
Li4Fe2SiO7,5.508952451230284,10.988868713378906
SnPbO3,25.225685741541707,21.843448638916016
Li3VCr4O8,27.837903625161733,1.7216472625732422
HfO2,12.196577956971769,0.14587393403053284
FeWClO4,12.81423644070963,14.270064353942871
Li2CrPO6,12.898361228329048,27.551416397094727
BaBiBrO2,3.5497378729550046,17.932645797729492
CrFeCoO4,15.374244765554966,27.508745193481445
Li3CuS3,14.947373338839938,25.353801727294922
KCd(NO2)3,6.913848193082821,15.528864860534668
LiMn2OF3,18.86014238424597,11.151803970336914
Na3MnO4,23.292147431086597,23.897062301635742
KO3,5.9438780319711215,23.65771484375
In2Sn2O7,23.842782347170647,0.0
Li4VO3F2,17.407469379235437,19.448421478271484
K3Co(NO2)6,1.6323464026401044,8.98865032196045
Li2Mn4O9,14.60722461527467,9.542923927307129
LiAg2(NO2)3,8.874024178552114,24.82168197631836
Sr(ZnN)2,1.0241230692998755,11.407088279724121
Li2VF4,1.018079216453403,0.4530741274356842
V2SiO4,25.497781664308125,2.9396610260009766
Li6SbS2,17.271183276911266,25.674379348754883
CrAg3F6,12.524170115126775,10.437711715698242
K4Ru(NO2)6,11.781044123569334,13.640663146972656
HgS4(NCl)3,6.499760260512908,20.148916244506836
Cs2AsAuCl6,25.693973162592577,32.35856246948242
Ag2SO3,24.07496850126096,16.065391540527344
Zr2AgN3,20.0695282036106,23.06980323791504
ScBiO3,8.417101828614717,17.054759979248047
Li3VFe3O8,16.10927909746758,11.024115562438965
Rb2CuAsF6,4.814021180110307,30.285858154296875
SeO3,2.5023049486309663,9.462923049926758
Cd6(CoO3)5,9.880098590836406,4.376716136932373
Ca3Sn2S7,9.451192543509077,19.602603912353516
LiAlVO4,1.3963897889301613,17.77349281311035
TiCo3O8,30.188438093364965,31.22228240966797
Li2Ti3VO8,9.184427629950205,10.756223678588867
Ti2N2O,29.61121729950058,20.507694244384766
Ca4PbN4,13.843034599525836,24.856557846069336
FeHO2,6.41234611166686,2.885371208190918
SrTa2H2O7,2.3686238681649527,7.300623893737793
Li2VO2F3,5.673586800632627,10.868048667907715
K2TlInBr6,27.16745286376845,16.102128982543945
CrAgO2,31.092225286444034,26.396934509277344
Mn5SnO12,26.030231961271745,28.853071212768555
CsVCoF6,1.4070385422000005,0.9952806234359741
Li(FeO2)2,13.720697587026647,10.97299861907959
BaYI5,18.607829214766113,16.858478546142578
Li3VF8,8.29244957451378,29.046062469482422
Te4Mo(WSe)2,2.557415942092847,0.0
K2InGaBr6,9.939425689631038,30.72235679626465
Mg2Al3MoS8,24.273362013657334,24.62440299987793
LiTaO3,2.818971127772194,5.979085445404053
Ga2CoS4,24.961310133312246,10.517899513244629
AlS2(NCl2)2,0.5201663043386198,31.080846786499023
Bi2SeO6,12.857135762537814,16.700010299682617
Ba2YCl7,1.0624353354834248,0.0037917515728622675
YBi(OF)2,1.2538829651561514,2.8203797340393066
VO2F,19.992223990467707,25.203874588012695
Li3SbS4,22.68380028972401,29.505287170410156
LiBSbO3,2.220251323495006,21.838953018188477
Li3VBO5,1.5981753884696683,13.187912940979004
VOF3,23.068171770233995,18.457094192504883
K2InGaCl6,17.659560199613917,18.659090042114258
Ba2Sc2O5,1.0727467750597004,2.264500379562378
TaAsO4,7.593930713276585,5.29080867767334
Ca3W2O9,7.266908877408238,0.9054726362228394
Na2Be2O3,1.353406928270564,1.1491035223007202
Pb2O3,27.15779204798313,8.031168937683105
Fe6O5F7,7.193144563027011,26.569896697998047
Cs3InI6,15.198350834527586,15.07939338684082
Li4Fe3O8,28.298449254773814,6.837283134460449
VMoO5,17.134429736135342,30.400650024414062
MnVO4,27.156162330137825,16.229734420776367
Zr(ZnN)4,7.9512994114411475,29.42220687866211
Tl2CS3,25.510583161150368,26.446788787841797
Be3P2,13.504609397333018,0.0
MoPCl8O,4.09911323191365,10.736309051513672
LiMnAlO4,1.5376143153297601,25.533315658569336
Sn9(O2F5)2,5.767614571897422,11.243205070495605
Li4Co(BO3)2,29.168277676006483,4.449890613555908
Cs2CoI4,11.838318599054539,11.762055397033691
Mn2NiO6,18.872105018569393,31.304651260375977
Li3VO3F2,0.5556423561324682,2.1810059547424316
LiCaAs,27.188157860486847,18.723491668701172
Li5AuO4,16.76459938151643,18.641050338745117
InCuS2,12.679552262593093,5.861618995666504
TlCu2(SeO5)2,8.689225860855597,5.075178146362305
Mn2NiO3,27.152772769689015,6.606955528259277
Li2Si2Ni2O7,4.846336337292561,0.04821500927209854
TiGa2O5,20.14906222450308,12.542601585388184
CdGeO3,11.378171555473617,20.70144271850586
Li2MnPO5,22.55528124578197,6.124178886413574
Li3BiS3,27.02323673127762,30.898509979248047
ClO3,10.06638576316912,31.334505081176758
Rb9Fe2S7,0.999878173819809,4.693099498748779
Te4W3S2,0.5329564310563608,3.145685911178589
Li4FeO3F,9.22909168985216,2.1626853942871094
PbS,16.818225942057197,19.504047393798828
Ba6CaI14,1.174865653254935,3.4215312004089355
LiVTeO5,10.87823634038141,3.803255558013916
LiV2O4,11.889045146173677,23.6975154876709
Li2FeCo3O8,15.887105917185359,17.86016845703125
